City_ID,City,Lat,Lng,Max Temp,Humidity,Cloudiness,Wind Speed,Country,Date
0,grytviken,-54.2811,-36.5092,272.96,88,95,5.43,GS,1731376041
1,peace river,56.2501,-117.286,275.32,93,100,2.57,CA,1731376043
2,coquimbo,-29.9533,-71.3436,287.03,69,0,3.09,CL,1731375777
3,kamaishi,39.2667,141.8833,286.43,52,87,1.74,JP,1731376045
4,adamstown,-25.066,-130.1015,295.02,64,100,1.27,PN,1731376046
5,polyarnyy,69.1989,33.4478,275.51,88,100,6.83,RU,1731376047
6,ushuaia,-54.8,-68.3,280.96,81,75,1.03,AR,1731376048
7,iskateley,67.6803,53.1512,263.53,98,91,2.59,RU,1731376049
8,narvik,68.4384,17.4272,278.04,97,97,2.81,NO,1731376050
9,west island,-12.1568,96.8225,300.14,78,100,6.69,CC,1731376051
10,zyryanskoye,56.8306,86.6258,263.61,87,100,6.01,RU,1731376053
11,ofunato,39.0717,141.7167,287.23,45,94,1.26,JP,1731376054
12,puerto natales,-51.7236,-72.4875,279.76,87,56,5.1,CL,1731376037
13,olonkinbyen,70.9221,-8.7187,273.84,98,100,11.23,SJ,1731375980
14,edinburgh of the seven seas,-37.0676,-12.3116,286.19,78,100,6.55,SH,1731376057
15,ilulissat,69.2167,-51.1,269.16,80,75,5.58,GL,1731376058
16,albany,42.6001,-73.9662,286.51,62,100,1.34,US,1731375844
17,shahr-e babak,30.1165,55.1186,285.46,36,0,3.4,IR,1731376060
18,invercargill,-46.4,168.35,289.27,60,92,4.92,NZ,1731375970
19,ancud,-41.8697,-73.8203,283.42,88,100,4.41,CL,1731376062
20,san antonio de pale,-1.4014,5.6325,298.95,84,45,4.63,GQ,1731376064
21,port-aux-francais,-49.35,70.2167,278.14,96,100,8.29,TF,1731376065
22,la cruz,23.9167,-106.9,294.52,76,0,3.08,MX,1731376066
23,anadyr,64.75,177.4833,259.43,84,40,4.0,RU,1731376067
24,waitangi,-43.9535,-176.5597,284.09,66,46,7.47,NZ,1731376068
25,san luis de la loma,17.2706,-100.8939,299.67,86,76,1.75,MX,1731376069
26,aghajari,30.7006,49.8315,290.27,55,0,2.06,IR,1731376070
27,bilibino,68.0546,166.4372,250.1,96,85,1.8,RU,1731376071
28,bethel,41.3712,-73.414,287.04,65,0,0.89,US,1731376072
29,ketchikan,55.3422,-131.6461,279.69,87,40,1.54,US,1731376074
30,capitan bado,-23.2667,-55.5333,297.48,40,34,2.0,PY,1731376075
31,maintirano,-18.0667,44.0167,299.13,80,66,1.75,MG,1731376076
32,nuuk,64.1835,-51.7216,271.49,80,100,1.54,GL,1731375946
33,aasiaat,68.7098,-52.8699,270.89,78,100,8.74,GL,1731376078
34,prado,-17.3411,-39.2208,295.35,85,61,2.6,BR,1731375877
35,glace bay,46.1969,-59.957,284.8,97,100,2.68,CA,1731376080
36,puerto ayora,-0.7393,-90.3518,295.12,87,30,2.68,EC,1731376082
37,gizo,-8.103,156.8419,302.07,72,72,1.61,SB,1731376083
38,touros,-5.1989,-35.4608,299.12,72,81,4.49,BR,1731376084
39,palu,-0.8917,119.8707,303.09,72,87,1.25,ID,1731376085
40,la sebala du mornag,36.6793,10.292,288.96,94,40,3.09,TN,1731376086
41,port mathurin,-19.6833,63.4167,297.49,80,74,9.08,MU,1731376087
42,rawson,-43.3002,-65.1023,289.31,36,0,8.23,AR,1731375950
43,papatowai,-46.5619,169.4708,288.69,48,69,4.88,NZ,1731376089
44,sitka,57.0531,-135.33,281.09,71,75,0.0,US,1731376025
45,howard springs,-12.497,131.047,308.08,61,15,2.8,AU,1731376092
46,keflavik,64.0049,-22.5624,283.39,100,100,15.95,IS,1731376093
47,puyo,-1.4667,-77.9833,293.77,89,59,1.38,EC,1731375849
48,badger,64.8,-147.5333,257.29,82,0,0.0,US,1731375826
49,saipan,15.1355,145.701,302.54,90,40,5.66,MP,1731375961
50,nar'yan-mar,67.6713,53.087,263.6,98,89,2.67,RU,1731376097
51,port lincoln,-34.7333,135.8667,293.79,63,2,5.76,AU,1731376098
52,klyuchi,52.2667,79.1667,265.45,80,100,6.62,RU,1731376099
53,punta arenas,-53.15,-70.9167,283.21,71,75,8.23,CL,1731375967
54,nurota,40.5614,65.6886,279.93,47,100,0.66,UZ,1731376102
55,ust-nera,64.5667,143.2,245.95,98,82,1.05,RU,1731376103
56,atafu village,-8.5421,-172.5159,302.0,71,4,5.65,TK,1731375974
57,labasa,-16.4167,179.3833,300.22,81,100,3.65,FJ,1731376105
58,villapinzon,5.2162,-73.5949,283.12,97,100,0.49,CO,1731376107
59,pasni,25.2631,63.471,299.17,38,0,6.79,PK,1731376108
60,gadzhiyevo,69.2551,33.3362,275.58,88,100,7.26,RU,1731376109
61,rongelap,11.1635,166.8941,301.58,78,28,6.64,MH,1731376110
62,mejit,10.2753,170.8646,301.57,76,97,6.15,MH,1731376111
63,breclav,48.759,16.882,272.39,71,40,0.95,CZ,1731376112
64,nicoya,10.1483,-85.452,295.56,96,100,0.55,CR,1731376113
65,blackmans bay,-43.0167,147.3167,295.11,50,0,0.45,AU,1731376114
66,qaqortoq,60.7167,-46.0333,270.95,79,12,14.1,GL,1731376115
67,adrar,20.5022,-10.0711,295.56,18,1,2.97,MR,1731376116
68,marsa alam,25.0757,34.8918,294.44,57,0,5.26,EG,1731376118
69,sydney,-33.8679,151.2073,298.32,74,75,6.17,AU,1731376039
70,goiatuba,-18.0125,-49.3547,295.97,73,2,2.33,BR,1731376120
71,saudarkrokur,65.7461,-19.6394,285.28,86,70,11.84,IS,1731376121
72,hotan,37.0997,79.9269,281.06,53,38,2.95,CN,1731376122
73,shingu,33.7333,135.9833,294.38,65,46,1.21,JP,1731376123
74,tazovsky,67.4667,78.7,248.85,96,85,5.4,RU,1731376124
75,oromocto,45.8351,-66.4792,283.11,93,100,2.57,CA,1731376125
76,plettenberg bay,-34.0527,23.3716,288.74,81,0,2.01,ZA,1731376126
77,hermanus,-34.4187,19.2345,288.04,80,22,2.12,ZA,1731375975
78,fortuna,40.5982,-124.1573,284.66,97,40,0.0,US,1731376129
79,queenstown,-31.8976,26.8753,284.76,87,92,1.53,ZA,1731375958
80,as sulayyil,20.4607,45.5779,292.55,37,79,2.22,SA,1731376131
81,roma,43.2128,-75.4557,282.97,92,100,3.09,US,1731376132
82,constantia,44.1833,28.65,277.53,83,100,6.82,RO,1731375846
83,wailua homesteads,22.0669,-159.378,298.59,88,100,8.23,US,1731376134
84,beau vallon,-20.4189,57.6953,296.28,78,40,2.57,MU,1731376135
85,mount pearl,47.5166,-52.7813,279.9,91,100,6.17,CA,1731376136
86,matoury,4.8483,-52.3317,298.13,94,100,3.6,GF,1731376137
87,callao,-12.0667,-77.15,292.99,82,20,6.17,PE,1731376139
88,hilo,19.7297,-155.09,298.76,98,100,2.24,US,1731376140
89,georgetown,5.4112,100.3354,303.12,82,20,1.03,MY,1731376141
90,masterton,-40.9597,175.6575,291.61,48,63,5.3,NZ,1731376142
91,isafjordur,66.0755,-23.124,281.87,89,100,10.21,IS,1731376143
92,east london,-33.0153,27.9116,290.48,83,43,5.05,ZA,1731376144
93,enewetak,11.3474,162.3373,301.79,78,1,6.32,MH,1731376145
94,hawaiian paradise park,19.5933,-154.9731,298.64,87,100,2.06,US,1731376146
95,ugoofaaru,5.6667,73.0,301.22,68,100,1.98,MV,1731376148
96,berdigestyakh,62.0989,126.6992,256.97,97,97,1.34,RU,1731376150
97,xiongzhou,25.1167,114.3,297.26,58,8,2.13,CN,1731376151
98,chonchi,-42.6128,-73.8092,283.77,96,99,1.67,CL,1731376152
99,gonzalez,30.5816,-87.2914,295.25,98,100,1.54,US,1731375898
100,antofagasta,-23.65,-70.4,290.75,82,31,1.71,CL,1731376103
101,rudnichnyy,59.617,52.4703,270.78,93,100,4.58,RU,1731376157
102,port alfred,-33.5906,26.891,290.47,96,2,1.34,ZA,1731375969
103,severo-yeniseyskiy,60.3725,93.0408,257.0,95,93,2.19,RU,1731376159
104,khanty-mansiysk,61.0042,69.0019,259.21,85,0,4.0,RU,1731376160
105,trelissac,45.1977,0.7862,282.68,72,100,4.37,FR,1731376161
106,macusani,-14.0833,-70.4333,277.72,75,100,1.91,PE,1731376162
107,jiuquan,39.7432,98.5174,280.54,41,11,1.91,CN,1731376163
108,vadso,70.0744,29.7487,275.24,87,100,6.17,NO,1731376165
109,margaret river,-33.95,115.0667,289.96,68,92,4.47,AU,1731376166
110,kavaratti,10.5669,72.642,302.08,67,87,4.06,IN,1731376167
111,whitehorse,60.7161,-135.0538,270.58,93,100,1.03,CA,1731376168
112,port elizabeth,-33.918,25.5701,290.55,97,0,4.63,ZA,1731375955
113,ribeira grande,38.5167,-28.7,294.14,95,100,7.15,PT,1731376170
114,viedma,-40.8135,-62.9967,287.49,28,100,3.52,AR,1731376107
115,tiksi,71.6872,128.8694,255.36,94,100,1.12,RU,1731376172
116,cabo san lucas,22.8909,-109.9124,294.78,66,51,5.26,MX,1731376148
117,hillsborough,37.5741,-122.3794,286.03,88,100,1.34,US,1731376175
118,clodomira,-27.5744,-64.1311,290.35,63,100,3.61,AR,1731376176
119,huai'an,33.5886,119.0192,291.81,58,0,2.11,CN,1731376177
120,lihue,21.9789,-159.3672,298.92,86,100,8.23,US,1731376178
121,mount isa,-20.7333,139.5,312.02,19,86,4.12,AU,1731376180
122,vila velha,-20.3297,-40.2925,295.12,88,20,1.54,BR,1731376043
123,amga,60.8953,131.9608,258.57,93,95,1.18,RU,1731376183
124,antsiranana,-12.2787,49.2917,298.07,79,6,5.65,MG,1731376185
125,bredasdorp,-34.5322,20.0403,286.66,91,36,1.6,ZA,1731376186
126,thompson,55.7435,-97.8558,268.24,93,100,2.57,CA,1731376187
127,geraldton,-28.7667,114.6,295.38,53,0,7.72,AU,1731376188
128,utrik,11.2278,169.8474,301.69,77,29,7.35,MH,1731376189
129,trevelin,-43.0858,-71.4639,278.54,97,100,2.13,AR,1731376190
130,longyearbyen,78.2186,15.6401,275.06,93,75,1.03,SJ,1731376192
131,greymouth,-42.4667,171.2,287.93,53,0,3.59,NZ,1731376193
132,mount gambier,-37.8333,140.7667,293.19,63,94,2.85,AU,1731376194
133,san julian,21.0167,-102.1667,293.98,27,100,2.42,MX,1731376195
134,nizhneudinsk,54.9076,99.0276,270.15,79,100,1.5,RU,1731376196
135,kem',64.9555,34.5793,272.36,92,100,3.56,RU,1731376197
136,capitao poco,-1.7464,-47.0594,298.19,76,100,1.9,BR,1731376198
137,minas de marcona,-15.2119,-75.1103,287.43,81,16,4.04,PE,1731376199
138,lompoc,34.6391,-120.4579,287.98,79,100,3.13,US,1731376200
139,kingston,17.997,-76.7936,300.68,83,20,2.57,JM,1731376202
140,yellowknife,62.456,-114.3525,265.6,94,100,6.71,CA,1731375973
141,tvoroyri,61.5556,-6.8111,283.23,92,53,11.51,FO,1731376204
142,burang,30.25,81.1667,269.83,59,19,1.84,CN,1731376205
143,tobol'sk,58.2,68.2667,261.78,95,100,3.37,RU,1731376206
144,kapuskasing,49.4169,-82.4331,270.2,93,100,5.14,CA,1731376207
145,vorgashor,67.5833,63.95,254.62,97,72,4.03,RU,1731376208
146,la sarre,48.8002,-79.1996,271.5,81,100,7.19,CA,1731376210
147,palmer,42.1584,-72.3287,285.28,86,1,1.09,US,1731376212
148,yicheng,31.3705,119.8703,290.84,65,0,3.6,CN,1731376213
149,isangel,-19.55,169.2667,302.21,70,75,3.09,VU,1731376214
150,uturoa,-16.7333,-151.4333,299.32,81,83,8.79,PF,1731376215
151,kruisfontein,-34.0033,24.7314,285.99,91,0,1.36,ZA,1731376216
152,sao vicente,-23.9631,-46.3919,294.25,26,0,1.85,BR,1731376217
153,kirakira,-10.4544,161.9205,301.89,78,100,5.1,SB,1731376218
154,kas,36.2018,29.6377,289.96,62,45,2.18,TR,1731376219
155,katsuura,35.1333,140.3,293.27,66,85,1.34,JP,1731376221
156,ayaviri,-14.8864,-70.5889,281.67,73,90,1.85,PE,1731376222
157,tasova,40.7597,36.3225,281.17,94,60,0.16,TR,1731376223
158,port isabel,26.0734,-97.2086,297.17,88,0,3.6,US,1731375785
159,yaren,-0.5472,166.916,301.5,67,0,6.2,NR,1731376225
160,chui,-33.6971,-53.4616,284.59,85,76,3.79,UY,1731376227
161,beledweyne,4.7358,45.2036,299.49,67,98,1.36,SO,1731376228
162,dudinka,69.4058,86.1778,250.35,92,76,6.57,RU,1731376229
163,aykhal,66.0,111.5,254.84,100,100,2.13,RU,1731376231
164,murun-kuren,49.6342,100.1625,272.49,50,92,3.38,MN,1731376232
165,ogaminana,7.5946,6.2248,296.47,47,38,0.94,NG,1731376233
166,kenora,49.8167,-94.4337,272.69,80,75,2.06,CA,1731376234
167,jiangyou,31.7667,104.7167,288.41,92,100,0.65,CN,1731376235
168,haiku-pauwela,20.9219,-156.3051,299.96,75,40,12.96,US,1731376236
169,lazaro cardenas,17.9583,-102.2,299.74,82,29,1.74,MX,1731376144
170,saint-philippe,-21.3585,55.7679,296.55,85,47,5.26,RE,1731376238
171,tolanaro,-25.0319,46.9987,297.19,94,40,0.0,MG,1731376239
172,stanley,54.868,-1.6985,277.88,94,38,1.03,GB,1731376241
173,iqaluit,63.7506,-68.5145,259.0,85,20,2.57,CA,1731376243
174,avarua,-21.2078,-159.775,297.18,60,20,7.2,CK,1731376244
175,juye,35.3947,116.0883,291.95,62,6,2.26,CN,1731376245
176,indramayu,-6.3264,108.32,302.66,69,100,3.7,ID,1731376246
177,bengkulu,-3.8004,102.2655,300.66,74,100,0.78,ID,1731376247
178,santa lucia,27.9117,-15.5407,289.77,73,20,6.69,ES,1731376248
179,pauini,-7.7136,-66.9764,299.1,81,73,0.85,BR,1731376250
180,vryburg,-26.9566,24.7284,289.63,88,50,4.31,ZA,1731376251
181,taro,-8.3862,115.28,300.81,67,69,0.86,ID,1731376252
182,malakal,9.5334,31.6605,299.09,51,19,0.46,SS,1731376253
183,awjilah,29.1081,21.2869,291.46,42,0,4.58,LY,1731376254
184,ilheus,-14.7889,-39.0494,296.05,100,75,1.54,BR,1731376070
185,irymple,-34.25,142.1667,294.25,63,100,4.73,AU,1731376256
186,enshi,30.3,109.4833,288.22,96,100,0.66,CN,1731376257
187,college,64.8569,-147.8028,255.62,79,75,0.0,US,1731376258
188,kone,-21.0595,164.8658,305.77,36,12,1.83,NC,1731376259
189,palikir - national government center,6.9248,158.1611,304.56,70,100,4.63,FM,1731376262
190,ta`u,-14.2336,-169.5144,300.54,72,39,5.08,AS,1731376263
191,rozhyshche,50.9154,25.2691,273.31,82,36,2.73,UA,1731376264
192,guarapari,-20.6667,-40.4975,294.34,87,0,4.28,BR,1731376210
193,port augusta,-32.5,137.7667,299.55,47,0,1.68,AU,1731376266
194,as samawah,31.332,45.2944,295.25,54,100,4.8,IQ,1731376267
195,hamilton,39.1834,-84.5333,286.53,77,40,1.54,US,1731375505
196,chiredzi,-21.05,31.6667,295.39,84,100,3.7,ZW,1731376269
197,jalalaqsi,3.3766,45.5996,297.54,83,95,2.72,SO,1731376270
198,al kharijah,25.4514,30.5464,288.72,53,2,3.56,EG,1731376271
199,niafunke,15.9322,-3.9906,296.23,18,1,4.41,ML,1731376273
200,aksaray,38.3726,34.0254,280.57,73,43,1.72,TR,1731376274
201,bandon,51.7469,-8.7425,280.92,88,20,1.19,IE,1731376275
202,castro,-24.7911,-50.0119,292.63,72,17,2.45,BR,1731376276
203,kourou,5.1552,-52.6478,298.19,85,100,3.05,GF,1731376277
204,galle,6.0367,80.217,302.0,81,68,0.45,LK,1731376278
205,san patricio,28.017,-97.5169,298.12,69,52,4.06,US,1731376279
206,lebu,-37.6167,-73.65,284.62,75,87,7.35,CL,1731376048
207,tofol,5.3248,163.0078,304.03,70,75,3.09,FM,1731376281
208,anqiu,36.4342,119.1925,290.08,68,0,2.48,CN,1731376283
209,aswan,24.0934,32.907,290.76,45,0,2.57,EG,1731376284
210,diego de almagro,-26.3667,-70.05,292.13,48,0,0.7,CL,1731376286
211,la passe,45.5549,-0.8967,282.21,89,6,6.83,FR,1731376287
212,loiza,18.4313,-65.8802,300.14,88,75,2.06,PR,1731376288
213,kuala kangsar,4.7667,100.9333,299.11,84,100,0.46,MY,1731376290
214,hammerfest,70.6634,23.6821,278.4,93,100,4.12,NO,1731376291
215,zaozersk,69.4005,32.4476,274.99,90,100,5.76,RU,1731376292
216,pirallahi,40.4723,50.333,285.23,75,51,7.01,AZ,1731376293
217,udachny,66.4167,112.4,250.07,100,100,1.62,RU,1731376294
218,sainte-anne-des-monts,49.124,-66.4924,275.08,100,99,4.12,CA,1731376296
219,avola,36.9113,15.1395,289.98,87,100,4.97,IT,1731376297
220,kasongo,-4.45,26.6667,293.56,90,100,1.03,CD,1731376298
221,conduaga,8.862,117.4893,303.61,64,88,1.33,PH,1731376300
222,tuy hoa,13.0833,109.3,301.89,72,99,4.27,VN,1731376301
223,fale old settlement,-9.3852,-171.2468,302.01,67,4,5.46,TK,1731376302
224,verkhnyaya sinyachikha,57.976,61.6673,266.81,77,100,4.73,RU,1731376303
225,carutapera,-1.195,-46.02,298.73,79,100,3.18,BR,1731376304
226,holualoa,19.6228,-155.9522,299.4,74,75,4.12,US,1731376305
227,waingapu,-9.6567,120.2641,304.97,51,86,4.83,ID,1731376306
228,selkirk,50.1436,-96.8845,274.46,64,100,4.17,CA,1731376307
229,andergrove,-21.0833,149.1833,300.22,62,9,4.99,AU,1731376308
230,thenzawl,23.3167,92.75,296.9,68,66,0.82,IN,1731376309
231,st. john's,47.5649,-52.7093,280.36,89,100,6.17,CA,1731376311
232,lyantor,61.6195,72.1555,253.45,98,61,3.51,RU,1731376312
233,cannonvale,-20.2833,148.7,299.81,57,33,3.78,AU,1731376313
234,marsabit,2.3284,37.9899,293.01,70,82,4.31,KE,1731376314
235,siracusa,37.0881,15.2792,290.3,85,100,9.64,IT,1731376308
236,nizhniy odes,63.6445,54.856,269.07,98,99,0.93,RU,1731376316
237,nacala,-14.5428,40.6728,297.86,89,70,2.32,MZ,1731376318
238,lang son,21.8333,106.7333,299.37,51,74,0.07,VN,1731376320
239,new norfolk,-42.7826,147.0587,296.32,20,0,1.55,AU,1731376321
240,sebastian,35.1668,-94.2669,288.46,82,92,0.51,US,1731376322
241,guiyang,26.5833,106.7167,294.42,64,75,2.0,CN,1731376323
242,mobaye,4.319,21.1786,293.88,96,19,0.5,CF,1731376324
243,hadibu,12.65,54.0333,298.39,84,47,3.69,YE,1731376325
244,fort bragg,35.139,-79.006,290.82,94,0,0.45,US,1731376327
245,weiser,44.251,-116.9693,280.55,84,100,2.49,US,1731376329
246,raduzhny,62.0961,77.475,255.81,93,100,5.91,RU,1731376330
247,kodiak,57.79,-152.4072,277.88,48,0,3.09,US,1731376331
248,porto novo,6.4965,2.6036,300.05,88,61,0.46,BJ,1731376332
249,kill devil hills,36.0307,-75.676,293.14,91,75,3.09,US,1731376333
250,jesenice,46.4306,14.0669,274.55,84,81,0.52,SI,1731376334
251,portland,45.5234,-122.6762,283.76,92,100,4.47,US,1731376295
252,kosh-agach,50.0,88.6667,267.45,71,97,4.52,RU,1731376336
253,utete,-7.986,38.758,297.57,87,78,0.31,TZ,1731376337
254,ribeira brava,32.65,-17.0667,294.26,72,35,0.52,PT,1731376338
255,grand falls-windsor,48.9332,-55.6649,278.43,90,100,3.13,CA,1731376340
256,mudgee,-32.5943,149.5871,297.34,47,91,4.65,AU,1731376341
257,hasaki,35.7333,140.8333,292.47,57,100,0.75,JP,1731376342
258,belisce,45.6803,18.4058,275.98,59,99,1.83,HR,1731376343
259,zhangye,38.9342,100.4517,280.35,43,100,1.95,CN,1731376344
260,manavalakurichi,8.1333,77.3,299.18,91,7,1.55,IN,1731376345
261,semnan,35.5729,53.3971,284.86,49,53,0.97,IR,1731376346
262,kloulklubed,7.0419,134.2556,302.28,69,9,3.37,PW,1731376347
263,dalandzadgad,43.5708,104.425,278.42,42,1,3.26,MN,1731376348
264,pak phanang,8.3511,100.202,301.24,76,100,1.16,TH,1731376349
265,chubbuck,42.9208,-112.4661,285.09,32,0,7.2,US,1731376351
266,igarka,67.4667,86.5833,250.15,94,100,4.19,RU,1731376352
267,caleta de carquin,-11.0925,-77.6267,291.85,85,99,4.02,PE,1731376353
268,kyshtovka,56.555,76.6271,262.28,87,100,6.14,RU,1731376355
269,ulanhot,46.0833,122.0833,276.9,32,0,3.61,CN,1731376356
270,linqiong,30.4159,103.4609,288.87,85,98,0.39,CN,1731376357
271,karratha,-20.7377,116.8463,308.44,23,36,4.67,AU,1731376358
272,labytnangi,66.6572,66.4183,256.45,97,100,2.22,RU,1731376359
273,osmanabad,18.1667,76.05,291.93,67,17,4.62,IN,1731376361
274,bokoro,12.3807,17.0568,298.16,27,4,3.2,TD,1731376362
275,ar rass,25.8694,43.4973,294.44,32,0,3.85,SA,1731376363
276,petropavlovsk-kamchatsky,53.0452,158.6483,275.48,44,75,6.0,RU,1731376364
277,abepura,-2.6333,140.5833,301.6,79,40,1.03,ID,1731376365
278,upper sandusky,40.8273,-83.2813,283.42,66,10,6.3,US,1731376366
279,kindu,-2.95,25.95,293.88,99,100,0.54,CD,1731376367
280,rupert,42.6191,-113.6772,284.12,35,0,2.06,US,1731376369
281,solnechnyy,50.7214,136.6319,268.59,50,100,2.38,RU,1731376371
282,bouca,6.5105,18.2733,294.04,71,32,1.16,CF,1731376372
283,harstad,68.799,16.5293,278.79,97,100,8.49,NO,1731376373
284,merizo village,13.2658,144.6691,303.14,88,85,1.46,GU,1731376374
285,mokhsogollokh,61.4681,128.9203,257.48,93,93,1.43,RU,1731376375
286,strathmore,51.0501,-113.3852,282.22,57,95,9.26,CA,1731376376
287,batticaloa,7.7102,81.6924,299.62,83,9,2.82,LK,1731376377
288,imbituba,-28.24,-48.6703,293.15,86,38,6.42,BR,1731376378
289,camiri,-20.05,-63.5167,294.47,72,93,4.13,BO,1731376379
290,broken hill,-31.95,141.4333,301.42,33,27,7.35,AU,1731376381
291,thurgoona,-36.0451,146.9919,303.8,21,98,1.22,AU,1731376382
292,lae,-6.7221,146.9847,301.27,67,81,3.42,PG,1731376383
293,klaksvik,62.2266,-6.589,284.08,89,85,6.69,FO,1731376384
294,sananduva,-27.9497,-51.8067,290.83,93,71,2.4,BR,1731376154
295,fabens,31.5023,-106.1586,290.4,19,100,1.82,US,1731376386
296,maydanshakhr,34.3956,68.8662,276.79,38,3,0.54,AF,1731376387
297,chibougamau,49.9168,-74.3659,271.94,93,100,7.72,CA,1731376388
298,guelendeng,10.9176,15.5501,297.53,30,9,2.31,TD,1731376389
299,beira,-19.8436,34.8389,300.2,88,75,3.81,MZ,1731376390
300,mil'kovo,55.6078,37.7956,274.45,58,65,2.14,RU,1731376392
301,kribi,2.95,9.9167,299.24,87,60,1.99,CM,1731376393
302,zheleznodorozhnyy,55.7503,38.0042,272.9,73,50,1.83,RU,1731376394
303,balabac,7.9868,117.0645,302.84,68,90,1.48,PH,1731376395
304,serhetabat,35.2799,62.3438,282.13,57,0,1.17,TM,1731376396
305,kirensk,57.7853,108.1119,271.48,85,100,3.24,RU,1731376397
306,orosei,40.3798,9.6929,288.7,82,100,1.78,IT,1731376398
307,bamboo flat,11.7,92.7167,301.2,83,75,1.03,IN,1731376399
308,saldanha,-33.0117,17.9442,286.18,91,53,6.42,ZA,1731375965
309,polva,58.0603,27.0694,275.17,85,100,2.66,EE,1731376402
310,quellon,-43.1167,-73.6167,282.43,93,100,3.32,CL,1731376403
311,fisterra,42.9049,-9.2629,288.37,73,11,8.41,ES,1731376404
312,mgandu,-5.95,34.1333,293.34,58,97,2.47,TZ,1731376405
313,acarau,-2.8856,-40.12,298.86,76,100,4.67,BR,1731376406
314,northam,51.0333,-4.2167,282.93,81,100,2.08,GB,1731376407
315,acapulco de juarez,16.8634,-99.8901,297.75,84,57,2.6,MX,1731376409
316,luderitz,-26.6481,15.1594,288.43,76,40,5.77,NA,1731376410
317,qarqaraly,49.4058,75.4742,255.91,99,100,2.22,KZ,1731376411
318,tymovskoye,50.8456,142.655,270.57,48,100,2.04,RU,1731376412
319,egilsstadir,65.2653,-14.3948,285.1,76,0,6.17,IS,1731376413
320,wanning,18.8003,110.3967,298.06,85,100,4.96,CN,1731376414
321,afaahiti,-17.75,-149.2833,296.69,81,98,7.96,PF,1731376415
322,vilyuysk,63.7553,121.6247,258.69,97,98,1.31,RU,1731376335
323,kurumkan,54.3,110.3,264.45,80,80,2.15,RU,1731376417
324,smithers,54.7804,-127.1743,274.33,93,75,1.54,CA,1731376418
325,moree,-29.4667,149.85,304.54,31,75,5.18,AU,1731376420
326,nikolayevsk-on-amure,53.1406,140.73,266.94,78,70,3.69,RU,1731376421
327,bella union,-30.2752,-57.6007,286.81,93,15,3.37,UY,1731376422
328,vorkuta,67.5,64.0,254.22,98,79,3.66,RU,1731376423
329,shalkar,47.8288,59.6258,270.06,57,100,3.94,KZ,1731376424
330,aqsay,51.1678,52.995,269.54,68,9,1.97,KZ,1731376425
331,puerto san jose,13.9256,-90.8244,299.87,79,100,0.61,GT,1731376426
332,villa emilio carranza,19.9667,-96.6,298.01,84,81,1.39,MX,1731376428
333,rafsanjan,30.4067,55.9939,289.68,29,0,2.17,IR,1731376429
334,bol'shoye boldino,55.0059,45.3142,270.44,91,8,2.34,RU,1731376430
335,gevas,38.2968,43.1083,277.93,90,36,0.38,TR,1731376432
336,melfi,40.9965,15.6514,281.51,80,100,1.28,IT,1731376433
337,vilyuchinsk,52.9306,158.4028,276.3,74,17,14.81,RU,1731376434
338,waat,51.1454,6.4958,282.53,98,100,4.12,DE,1731376435
339,illizi,26.4833,8.4667,290.76,43,56,1.01,DZ,1731376436
340,flin flon,54.7682,-101.865,273.53,73,100,5.73,CA,1731376437
341,namibe,-15.1961,12.1522,294.67,72,10,2.61,AO,1731376438
342,meadow lakes,61.6247,-149.6011,269.49,85,0,0.89,US,1731376439
343,concepcion,-36.827,-73.0498,287.04,62,0,5.14,CL,1731376440
344,dattapur,20.7667,78.1667,293.6,61,0,1.56,IN,1731376441
345,veraval,20.9,70.3667,298.7,45,1,3.83,IN,1731376443
346,buarcos,40.166,-8.8768,288.53,63,2,8.21,PT,1731376444
347,porto seguro,-16.4497,-39.0647,297.44,88,0,1.54,BR,1731376154
348,santa ana,33.7456,-117.8678,290.14,74,20,2.57,US,1731376446
349,dolores,-36.3132,-57.6792,285.68,60,74,4.06,AR,1731376447
350,salcininkai,54.3,25.3833,273.48,82,16,1.64,LT,1731376448
351,benguela,-12.5763,13.4055,297.48,80,100,2.53,AO,1731376449
352,ciudad del maiz,22.4,-99.6,289.93,94,42,2.18,MX,1731376450
353,siwa oasis,29.2041,25.5195,290.55,53,74,2.49,EG,1731376451
354,thunder bay,48.4001,-89.3168,271.14,80,0,2.57,CA,1731376326
355,sola,-13.8833,167.55,300.22,72,94,7.38,VU,1731376454
356,carnarvon,-24.8667,113.6333,297.95,48,93,9.05,AU,1731376455
357,fonte boa,-2.4959,-66.2662,299.23,74,100,0.19,BR,1731376456
358,mogok,22.9167,96.5,292.06,77,6,1.15,MM,1731376457
359,hithadhoo,-0.6,73.0833,301.66,73,95,6.85,MV,1731376458
360,sade,11.3595,10.6732,294.86,33,5,3.23,NG,1731376459
361,kamakwie,9.5,-12.2333,296.02,67,34,0.5,SL,1731376460
362,fuerte olimpo,-21.0415,-57.8738,303.67,32,100,2.26,PY,1731376461
363,ramnagar,29.4,79.1167,291.32,66,0,1.95,IN,1731376462
364,shimokizukuri,40.8061,140.3861,286.54,69,100,3.32,JP,1731376463
365,nemuro,43.3236,145.575,281.87,72,100,6.36,JP,1731376465
366,rundu,-17.9333,19.7667,291.98,86,100,1.62,NA,1731376466
367,gunjur,13.2019,-16.7339,297.19,88,100,2.06,GM,1731376467
368,nosy varika,-20.5833,48.5333,296.1,94,28,2.77,MG,1731376468
369,grand rapids,42.9634,-85.6681,279.88,77,75,5.14,US,1731376315
370,looe,50.3578,-4.4542,279.66,80,100,4.18,GB,1731376470
371,amarante do maranhao,-5.5667,-46.7422,295.14,90,88,1.24,BR,1731376471
372,weno,7.4515,151.8468,298.96,84,100,3.54,FM,1731376472
373,sinop,41.7711,34.8709,279.87,91,22,0.69,TR,1731376474
374,onguday,50.75,86.15,270.08,77,100,3.09,RU,1731376475
375,north platte,41.1239,-100.7654,278.92,87,0,4.47,US,1731376442
376,pizarro,4.9533,-77.366,297.54,80,26,2.2,CO,1731376478
377,kigoma,-4.8769,29.6267,294.95,85,81,2.31,TZ,1731376479
378,urangan,-25.3,152.9,297.53,79,100,7.79,AU,1731376480
379,vila do maio,15.1333,-23.2167,299.94,66,4,5.18,CV,1731376481
380,tindouf,27.6711,-8.1474,292.4,39,0,5.14,DZ,1731376482
381,tralee,52.2704,-9.7026,281.16,95,99,0.82,IE,1731376485
382,kota kinabalu,5.9749,116.0724,303.14,79,20,1.54,MY,1731376486
383,kayenta,36.7278,-110.2546,283.12,31,8,2.36,US,1731376487
384,astorga,-23.2325,-51.6656,296.39,60,0,0.92,BR,1731376488
385,sultanah,24.4926,39.5857,296.4,25,0,1.54,SA,1731376489
386,chatel-guyon,45.9167,3.0667,280.33,87,100,5.14,FR,1731376490
387,fumel,44.4986,0.9651,282.0,96,78,2.72,FR,1731376491
388,crane,31.3974,-102.3501,292.24,36,18,4.38,US,1731376492
389,aurad,18.25,77.4333,292.09,73,11,2.72,IN,1731376494
390,imphal,24.8167,93.95,292.1,88,40,0.0,IN,1731376495
391,pionerskiy,54.9508,20.2275,274.06,71,0,1.57,RU,1731376496
392,sinabang,2.4803,96.3801,299.27,86,100,2.43,ID,1731376497
393,taulaga,-11.0553,-171.0883,301.93,68,70,5.48,AS,1731376498
394,burley,42.5357,-113.7928,284.13,35,0,2.06,US,1731376500
395,ingeniero guillermo n. juarez,-23.9,-61.85,293.62,46,87,9.09,AR,1731376501
396,ashland,40.8167,-82.2665,282.05,91,15,6.61,US,1731376503
397,poronaysk,49.2167,143.1167,273.83,63,100,1.49,RU,1731376504
398,alofi,-19.0595,-169.9187,295.09,94,100,5.14,NU,1731376505
399,lorengau,-2.0226,147.2712,302.63,73,36,3.46,PG,1731376506
400,gaoual,11.75,-13.2,296.26,55,95,1.1,GN,1731376507
401,vanimo,-2.6741,141.3028,302.89,71,83,2.46,PG,1731376508
402,kachug,53.9606,105.8817,268.02,75,100,1.46,RU,1731376509
403,olovyannaya,50.95,115.5667,265.62,81,45,2.0,RU,1731376511
404,hassi messaoud,31.6804,6.0729,286.07,67,0,1.54,DZ,1731376512
405,tsiombe,-25.3,45.4833,294.5,95,96,0.35,MG,1731376514
406,la gi,10.6667,107.7833,300.19,80,84,1.83,VN,1731376515
407,nelson bay,-32.7167,152.15,293.71,86,100,1.34,AU,1731376516
408,usinsk,65.9939,57.5281,267.28,96,100,3.26,RU,1731376517
409,la carlota,10.4233,122.9208,302.24,72,49,2.03,PH,1731376518
410,puerto baquerizo moreno,-0.9,-89.6,294.0,73,58,4.38,EC,1731376519
411,suihua,46.6406,126.9969,272.86,69,35,3.39,CN,1731376520
412,posto fiscal rolim de moura,-13.0833,-62.2667,297.99,83,35,1.25,BR,1731376521
413,jatoba,-9.1831,-38.2689,300.04,72,99,4.79,BR,1731376522
414,bikenibeu village,1.3673,173.1241,301.77,66,45,4.91,KI,1731376523
415,port blair,11.6667,92.75,301.17,83,75,1.03,IN,1731376525
416,uttarkashi,30.7333,78.45,282.51,56,0,2.58,IN,1731376526
417,puerto rico,-26.796,-55.024,294.24,71,100,3.2,AR,1731376289
418,tura,25.5198,90.2201,294.99,78,1,0.78,IN,1731376528
419,bandarbeyla,9.4942,50.8122,298.66,84,73,6.4,SO,1731376529
420,lijiang,26.8688,100.2207,283.49,60,0,1.64,CN,1731376302
421,vilaka,57.1846,27.6722,272.48,84,86,2.0,LV,1731376531
422,dryden,49.7833,-92.7503,270.31,100,0,3.09,CA,1731376532
423,minab,27.1467,57.0801,297.23,46,0,1.22,IR,1731376533
424,slave lake,55.2834,-114.769,274.14,86,100,6.69,CA,1731376535
425,baglung,28.2719,83.5898,288.97,81,25,1.57,NP,1731376536
426,ciudad lazaro cardenas,17.9583,-102.2,299.74,82,29,1.74,MX,1731376537
427,malango,-2.9627,119.9001,298.79,73,100,1.14,ID,1731376538
428,yardimli,38.9206,48.2372,280.27,99,100,1.98,AZ,1731376539
429,changyon,38.2508,125.0961,289.11,55,0,5.27,KP,1731376540
430,'ain benian,36.8028,2.9219,287.18,63,1,5.14,DZ,1731376541
431,yatou,37.15,122.3833,289.71,65,1,4.43,CN,1731376542
432,ayr,55.4627,-4.6339,276.14,100,0,1.03,GB,1731376543
433,santo domingo de los colorados,-0.25,-79.15,293.85,79,59,0.92,EC,1731376546
434,skelleftea,64.7507,20.9528,273.35,100,100,1.54,SE,1731376547
435,boromo,11.75,-2.9333,295.8,25,3,2.56,BF,1731376548
436,susuman,62.7833,148.1667,253.46,92,100,1.33,RU,1731376549
437,alice springs,-23.7,133.8833,299.9,54,71,5.14,AU,1731376550
438,hovd,48.0056,91.6419,274.29,37,83,5.03,MN,1731376551
439,roxborough park,39.4739,-105.0853,280.91,59,100,2.24,US,1731376552
440,bonthe,7.5264,-12.505,299.44,80,0,1.56,SL,1731376554
441,savanna-la-mar,18.219,-78.1332,299.78,93,84,1.47,JM,1731376555
442,buritis,-15.6178,-46.4233,295.4,88,4,0.39,BR,1731376557
443,arawa,-6.2132,155.5367,303.59,69,20,1.76,PG,1731376558
444,okha,53.5739,142.9478,270.04,75,100,7.14,RU,1731376559
445,komsomolets,53.7453,62.0708,262.04,93,7,3.14,KZ,1731376560
446,olonets,60.9847,32.9698,272.93,92,100,2.46,RU,1731376546
447,wuhai,39.6647,106.8122,282.7,37,98,5.82,CN,1731376562
448,mishelevka,52.8575,103.1719,271.75,64,93,1.12,RU,1731376563
449,funadhoo,6.15,73.2667,301.22,70,100,2.46,MV,1731376564
450,inhambane,-23.865,35.3833,296.68,90,12,2.08,MZ,1731376565
451,sisimiut,66.9395,-53.6735,270.5,73,100,6.13,GL,1731376567
452,marsh harbour,26.5412,-77.0636,299.7,81,20,2.06,BS,1731376569
453,tondano,1.3038,124.9112,306.2,55,100,0.46,ID,1731376570
454,lamarque,-39.423,-65.7021,293.25,22,100,5.82,AR,1731376615
455,oranjemund,-28.55,16.4333,287.46,95,9,3.19,NA,1731376616
456,arraial do cabo,-22.9661,-42.0278,295.49,83,0,9.8,BR,1731376617
457,el calafate,-50.3408,-72.2768,281.04,79,4,5.39,AR,1731376619
458,clifton springs,-38.15,144.5667,296.68,60,79,5.14,AU,1731376621
459,sao gabriel da cachoeira,-0.1303,-67.0892,299.74,73,65,0.78,BR,1731376622
460,fort payne,34.4442,-85.7197,288.44,77,0,1.54,US,1731376388
461,melfort,52.8667,-104.6177,275.22,75,100,10.29,CA,1731376624
462,panjab,34.388,67.0233,269.09,29,0,0.73,AF,1731376625
463,kertih,4.5141,103.4483,301.16,83,20,1.54,MY,1731376626
464,gawan,28.4333,78.35,294.86,59,0,0.85,IN,1731376627
465,tahmoor,-34.2167,150.5833,295.94,65,100,2.25,AU,1731376628
466,ulladulla,-35.35,150.4667,293.89,70,100,3.31,AU,1731376629
467,khovd,48.0056,91.6419,274.29,37,83,5.03,MN,1731376518
468,colonia,50.9333,6.95,282.56,91,75,2.06,DE,1731376632
469,baoqing,46.3317,132.2111,272.92,72,81,7.46,CN,1731376633
470,maroantsetra,-15.4333,49.7333,296.54,91,100,0.59,MG,1731376634
471,belyy yar,53.6039,91.3903,274.09,64,0,6.0,RU,1731376635
472,jamestown,42.097,-79.2353,280.94,80,100,8.23,US,1731376508
473,yamada,39.4667,141.95,286.1,54,92,2.46,JP,1731376576
474,siroki brijeg,43.3833,17.5928,271.66,77,3,3.19,BA,1731376640
475,laguna,38.421,-121.4238,285.96,85,0,2.57,US,1731376641
476,chipata,-13.6333,32.65,291.74,87,3,1.17,ZM,1731376642
477,yanjiang,30.1211,104.6481,289.86,86,99,0.47,CN,1731376521
478,el sauzal de rodriguez,31.9,-116.6833,288.94,84,0,3.45,MX,1731376644
479,robertsport,6.7533,-11.3686,299.89,80,49,3.29,LR,1731376645
480,zalingei,12.9096,23.4741,294.95,28,1,3.15,SD,1731376646
481,oyama,36.3,139.8,291.84,47,14,0.86,JP,1731376565
482,barcelos,41.5388,-8.6151,285.6,80,49,2.42,PT,1731376649
483,praia da vitoria,38.7333,-27.0667,294.29,88,75,9.06,PT,1731376650
484,gazojak,41.1875,61.4036,281.55,52,100,2.79,TM,1731376651
485,mitu,1.1983,-70.1733,298.45,80,100,0.97,CO,1731376652
486,lindi,-10.0,39.7167,297.8,90,74,1.28,TZ,1731376653
487,dawei,14.0833,98.2,301.33,67,66,1.41,MM,1731376654
488,tazacorte,28.629,-17.9293,293.79,74,0,4.12,ES,1731376656
489,urucara,-2.5364,-57.76,300.08,67,100,1.31,BR,1731376657
490,balqash,46.8481,74.995,270.45,70,100,4.65,KZ,1731376658
491,herval,-32.0236,-53.3956,285.74,90,58,5.14,BR,1731376659
492,murray bridge,-35.1167,139.2667,302.37,33,15,0.91,AU,1731376660
493,bouna,9.2667,-3.0,295.86,41,4,1.51,CI,1731376661
494,okhotsk,59.3833,143.3,260.12,65,66,10.09,RU,1731376662
495,khandyga,62.6667,135.6,253.51,94,92,0.83,RU,1731376663
496,naze,28.3667,129.4833,298.66,76,95,4.68,JP,1731376664
497,salinopolis,-0.6136,-47.3561,299.12,85,100,4.85,BR,1731376666
498,sheksna,59.21,38.5107,271.61,81,97,2.91,RU,1731376667
499,nova sintra,14.8667,-24.7167,300.22,68,57,7.55,CV,1731376668
500,arteaga,18.4667,-102.4167,293.63,97,27,1.05,MX,1731376669
501,heber springs,35.4915,-92.0313,285.99,77,35,1.63,US,1731376570
502,masuguru,-11.3667,38.4167,296.94,83,0,1.78,TZ,1731376672
503,leiyang,26.4024,112.8591,296.06,55,77,1.86,CN,1731376673
504,reppenstedt,53.25,10.35,279.28,96,100,2.46,DE,1731376675
505,veshenskaya,49.6303,41.7334,276.23,69,100,2.41,RU,1731376676
506,tweed heads,-28.1817,153.547,299.92,73,100,4.12,AU,1731376677
507,yen vinh,18.6667,105.6667,298.17,73,93,2.27,VN,1731376678
508,kununurra,-15.7667,128.7333,310.14,47,87,2.57,AU,1731376679
509,dalbandin,28.8947,64.4101,287.19,41,5,2.89,PK,1731376680
510,altay,47.8667,88.1167,271.73,91,100,3.4,CN,1731376594
511,shimoda,34.6667,138.95,294.36,67,56,2.92,JP,1731376568
512,san pedro,14.35,121.0167,303.88,78,20,2.57,PH,1731376684
513,brookings,44.3114,-96.7984,276.03,78,0,3.09,US,1731376685
514,la'ie,21.6477,-157.9253,302.13,80,35,2.24,US,1731376686
515,wynyard,-41.0,145.7167,289.37,64,8,4.47,AU,1731376687
516,bykovo,55.6361,38.0803,273.0,74,100,2.0,RU,1731376688
517,tangalle,6.024,80.7911,299.87,83,26,0.81,LK,1731376690
518,dongyang,29.2678,120.2253,293.06,72,5,1.62,CN,1731376691
519,saurimo,-9.6608,20.3916,290.15,98,38,0.02,AO,1731376692
520,dunedin,-45.8742,170.5036,285.76,64,3,4.86,NZ,1731376693
521,albu kamal,34.45,40.9186,289.92,59,100,3.35,SY,1731376694
522,ola,59.5833,151.2833,261.22,69,100,6.06,RU,1731376695
523,maumere,-8.6199,122.2111,304.26,55,2,0.11,ID,1731376591
524,al burayqah,30.4062,19.5739,293.5,43,0,6.21,LY,1731376697
525,chaykovskiy,56.7686,54.1148,267.02,89,74,2.81,RU,1731376698
526,tannum sands,-23.9504,151.3693,302.45,57,40,4.12,AU,1731376700
527,kingscliff,-28.2667,153.5667,299.79,73,100,4.12,AU,1731376701
528,planaltina,-15.4528,-47.6142,293.02,91,3,1.17,BR,1731376703
529,puerto aysen,-45.4,-72.7,280.72,100,100,2.36,CL,1731376704
530,okahandja,-21.9833,16.9167,291.41,22,0,0.61,NA,1731376705
531,richards bay,-28.783,32.0377,292.94,87,100,1.59,ZA,1731376706
532,papao,-17.75,-149.55,302.97,84,82,8.53,PF,1731376615
533,santa rosalia,27.3167,-112.2833,292.28,36,99,2.05,MX,1731376708
534,mishan,45.55,131.8833,275.25,58,51,9.03,CN,1731376710
535,el granada,37.5027,-122.4694,286.12,89,100,0.45,US,1731376711
536,gela,37.0803,14.2307,288.04,88,100,5.14,IT,1731376712
537,bardai,11.65,7.2333,292.63,36,4,3.96,NG,1731376713
538,chifeng,42.2683,118.9636,280.88,44,0,1.83,CN,1731376714
539,ciudad bolivar,8.1222,-63.5497,299.8,81,89,3.7,VE,1731376715
540,ikalamavony,-21.15,46.5833,295.5,77,13,1.8,MG,1731376716
541,kailua-kona,19.6406,-155.9956,301.64,69,75,4.12,US,1731376717
542,ponta delgada,37.7333,-25.6667,293.55,94,75,8.23,PT,1731376718
543,al qabil,22.571,58.6947,296.71,49,48,2.17,OM,1731376720
544,al jawf,29.5,38.75,291.17,48,89,2.26,SA,1731376721
545,stephenville,32.2207,-98.2023,290.22,51,0,2.06,US,1731376630
546,ghadamis,30.1337,9.5007,290.13,54,0,0.74,LY,1731376724
547,jayapura,-2.5333,140.7,301.81,74,84,1.19,ID,1731376725
548,piti village,13.4626,144.6933,303.32,85,40,2.57,GU,1731376726
549,samrala,30.8367,76.1897,292.46,57,0,2.52,IN,1731376727
550,swiecie,53.4095,18.4474,273.58,87,7,0.45,PL,1731376728
551,san andres,12.5847,-81.7006,298.16,100,40,1.03,CO,1731376729
552,coracora,-15.0333,-73.7833,282.94,66,0,1.08,PE,1731376730
553,floro,61.5996,5.0328,280.13,93,100,2.57,NO,1731376733
554,sorong,-0.8833,131.25,300.45,77,100,1.54,ID,1731376598
555,manismata,-2.4667,111.0333,300.95,85,88,1.72,ID,1731376735
556,gornozavodsk,58.3758,58.3211,265.71,88,100,4.22,RU,1731376736
557,howrah,22.5892,88.3103,297.15,78,40,3.6,IN,1731376737
558,nagqu,31.5,92.0,271.03,35,99,1.34,CN,1731376738
559,aur,8.1499,171.1687,301.99,69,91,2.62,MH,1731376739
560,daru,-9.0763,143.2092,301.97,76,100,5.25,PG,1731376741
561,abbeville,50.1,1.8333,282.31,83,56,4.88,FR,1731376689
562,bolotnoye,55.6717,84.3981,262.65,89,100,7.19,RU,1731376744
563,whakatane,-37.9585,176.9854,292.88,82,54,3.13,NZ,1731376745
564,sosnovo-ozerskoye,52.5249,111.5418,264.87,72,100,1.22,RU,1731376747
565,yuanping,38.7153,112.7575,283.82,47,99,0.65,CN,1731376748
566,kargil,34.5667,76.1,268.7,63,8,1.45,IN,1731376749
567,antalaha,-14.9003,50.2788,296.24,91,82,2.49,MG,1731376750
568,fort st. john,56.2499,-120.8529,271.09,100,100,1.03,CA,1731376751
569,ha'il,27.5219,41.6907,290.16,77,0,1.03,SA,1731376752
570,santa elena de uairen,4.6167,-61.1333,293.15,86,67,1.44,VE,1731376754
571,chunskiy,56.0815,99.6342,270.6,84,100,1.54,RU,1731376755
572,novyy urengoy,66.0833,76.6333,250.33,96,100,5.96,RU,1731376756
573,ulsteinvik,62.3432,5.8487,281.9,91,96,0.89,NO,1731376757
